Date,Time,User
2020-03-14,17:37:43,getcraftwork
2020-03-14,17:37:53,ismail_elazizi
2020-03-14,17:38:01,webdesign.uiux
2020-03-14,17:38:10,uiuxdailydesign
2020-03-14,17:38:19,appliedinsights
2020-03-20,18:33:39,designersbookshopwebdesign
2020-03-20,18:33:50,heuriocards
2020-03-20,18:34:07,uxbrainy
2020-03-20,18:34:14,dope.motions
2020-03-20,18:34:21,uxdiamond
2020-03-20,18:34:34,ui_champ
2020-03-20,18:34:42,uxbenign
2020-03-20,18:34:51,araltasher
2020-03-20,18:35:02,satisfied_user
2020-03-21,11:01:23,innovative_coder
2020-03-21,11:01:34,farzan90.design
2020-03-21,11:01:43,uxcel.app
2020-03-21,11:01:59,interfacehub
2020-03-21,11:02:10,ui.interceptor
2020-03-21,11:02:21,terkel_halepa
2020-03-21,11:02:33,moisomekoti
2020-03-21,11:02:47,coolors.co
2020-04-10,21:18:11,uxmartin
2020-04-10,21:18:39,mixwebdesign
2020-04-10,21:18:54,ux.saurabh
2020-04-10,21:19:12,squarelism
2020-04-10,21:19:23,how.do.ux
2020-04-10,21:19:38,uipattern
2020-04-10,21:19:52,mikevdijssel
2020-04-10,21:20:05,brand0ngr0ce
2020-04-10,21:20:20,web.talk
2020-04-10,21:20:32,universeofprogrammers
2020-04-10,21:20:45,malachite.agency
2020-04-10,21:21:05,uiuxmobile
2020-04-10,21:21:14,_digipartner_
2020-04-10,21:21:24,fab.viola
2020-04-10,21:21:39,alatli
2020-04-10,21:21:48,teamui_in
2020-04-10,21:22:03,webdesignonly
2020-04-10,21:22:16,thedesigntalks
2020-04-10,21:22:28,arun_candy_boi
